,conferenceseries,WikiCFP_conferenceseries
0,<http://scigraph.springernature.com/things/conference-series/5ce68cf75eb09906416a237ba6cd4c63>,International Conference on Mobile Multimedia Communications
1,<http://scigraph.springernature.com/things/conference-series/097e5bbf42113c528cbf1499b7870771>,International Conference on Software Engineering and Computer Systems
2,<http://scigraph.springernature.com/things/conference-series/9329e9807c553fe2df23a37b79d190a0>,European Conference on Parallel Processing
3,<http://scigraph.springernature.com/things/conference-series/efaf538619968cb72f607d153fb35bfc>,International Conference on Computational Science
4,<http://scigraph.springernature.com/things/conference-series/a23917b33ec989b58c87aed6c25e8738>,International Conference on Conceptual Modeling
5,<http://scigraph.springernature.com/things/conference-series/17b3fdf393d3480f61dd30a125c9489a>,European Conference on Computer Vision
6,<http://scigraph.springernature.com/things/conference-series/22cec74c1de5c1289bc992a50a06cbbe>,International Conference on Image Analysis and Recognition
7,<http://scigraph.springernature.com/things/conference-series/7f6301acc8a42e8bf90289239ec9f25e>,European Conference on Object-Oriented Programming
8,<http://scigraph.springernature.com/things/conference-series/ce4a4d8bd6dc2671bb7b1e1ea2456278>,"International Conference on Computer Safety, Reliability, and Security"
9,<http://scigraph.springernature.com/things/conference-series/5e922c1691c44a4eb5d4ecd1e2f221be>,International Conference on Smart Homes and Health Telematics
10,<http://scigraph.springernature.com/things/conference-series/53f7cc6e4b267411947e7789e5f33dc9>,International Conference on Conceptual Structures
11,<http://scigraph.springernature.com/things/conference-series/64eb5a0faff229c21b2dcaa246557816>,Latin American Symposium on Theoretical Informatics
12,<http://scigraph.springernature.com/things/conference-series/1e4a3d180d3336c60ec74e77f6ef1b8a>,International Conference on Swarm Intelligence
13,<http://scigraph.springernature.com/things/conference-series/9196852e86641897233cc9577cd9a08d>,International Conference on Artificial Neural Networks
14,<http://scigraph.springernature.com/things/conference-series/6026af0620d13f044cee281652328d09>,International Joint Conference on Artificial Intelligence
15,<http://scigraph.springernature.com/things/conference-series/c85bde67b22bce8e231ac290f6860211>,European Conference on Software Architecture
16,<http://scigraph.springernature.com/things/conference-series/3ba575de2decbe4d65199312f8e6a5ad>,International Conference on Networking
17,<http://scigraph.springernature.com/things/conference-series/ab0763f66f9faecd85e8d0cb1fddae92>,International Conference on Distributed Computing and Internet Technology
18,<http://scigraph.springernature.com/things/conference-series/8a347f76e322454585b196f5397b6e87>,Asian Conference on Intelligent Information and Database Systems
19,<http://scigraph.springernature.com/things/conference-series/4b044a4c64166cb3b8cf30d23ad24747>,Joint Conference on Knowledge-Based Software Engineering
20,<http://scigraph.springernature.com/things/conference-series/00f51105581c7e4311d6490dbabd56ab>,International Conference on Web Engineering
21,<http://scigraph.springernature.com/things/conference-series/ae48a71b424ba78db4816762aeb771ac>,International Conference on Concurrency Theory
22,<http://scigraph.springernature.com/things/conference-series/3f249245c1e984958756f2395f331fa1>,International Conference on Cryptology in India
23,<http://scigraph.springernature.com/things/conference-series/577a5a42cb2b023ab6234e39fcf6c713>,European Conference on Modelling Foundations and Applications
24,<http://scigraph.springernature.com/things/conference-series/25ccbff6564048459c46e440366ac3c5>,Industrial Conference on Data Mining
25,<http://scigraph.springernature.com/things/conference-series/c31938229d609335077a9d50c444cf88>,International Conference on Computational Collective Intelligence
26,<http://scigraph.springernature.com/things/conference-series/ab43c509669b7c14a5ea792d2dbf4f5c>,International Conference on E-Business and Telecommunication Networks
27,<http://scigraph.springernature.com/things/conference-series/1d84db0ffe26063841af4470e7d816c7>,European Conference on Genetic Programming
28,<http://scigraph.springernature.com/things/conference-series/eef63d82ec2fc5e9ebc0b13e3840c1bb>,Conference on Computability in Europe
29,<http://scigraph.springernature.com/things/conference-series/17e9ffd1e676a93f46673f71a6e9e34f>,International Conference on Agents and Artificial Intelligence
30,<http://scigraph.springernature.com/things/conference-series/1891e55423605b4a395f7a338663fa58>,International Workshop on Combinatorial Image Analysis
31,<http://scigraph.springernature.com/things/conference-series/4fff2722ac224fa679c25e500923f2cb>,International Conference on Principles of Distributed Systems
32,<http://scigraph.springernature.com/things/conference-series/f3eef2f5418e098f00284dad0d5bc2d8>,International Symposium on Functional and Logic Programming
33,<http://scigraph.springernature.com/things/conference-series/b09f8ddf7699f80a7f5e58ad86d81b14>,Pacific-Rim Symposium on Image and Video Technology
34,<http://scigraph.springernature.com/things/conference-series/53c1200c3186b0c00f1de65bd8e1fad0>,Brazilian Symposium on Bioinformatics
35,<http://scigraph.springernature.com/things/conference-series/bf73818694680ad63599aae2e8bcf972>,International Conference on Enterprise Information Systems
36,<http://scigraph.springernature.com/things/conference-series/a6a2482cdebf15e2071db74bdf1aa3eb>,International Colloquium on Grammatical Inference
37,<http://scigraph.springernature.com/things/conference-series/aa108c4768903f58ac9bdd4b006a786f>,International Symposium on Computer Architecture
38,<http://scigraph.springernature.com/things/conference-series/e4e984470d1b51aee1d6c3208b5d2d16>,International Conference on Evaluation of Novel Approaches to Software Engineering
39,<http://scigraph.springernature.com/things/conference-series/f5a6d1ef817e3d1ec75e949842660c72>,International Conference on Cloud Computing
40,<http://scigraph.springernature.com/things/conference-series/c7cb3dd6733766c91312a4dfe07115c3>,International Conference on Cloud Computing and Services Science
41,<http://scigraph.springernature.com/things/conference-series/83591d687ba6a4c20f0eca62b5c7ab46>,Australasian Database Conference
42,<http://scigraph.springernature.com/things/conference-series/fa44b1051a1a30b174534078fdd47f60>,International Conference on Operations Research and Enterprise Systems
43,<http://scigraph.springernature.com/things/conference-series/64560bc52b586c18fe63e92a0c0eb95c>,International Conference on Supercomputing
44,<http://scigraph.springernature.com/things/conference-series/34a6616cb213b23a39b755a3f628b307>,International Conference on Computer Supported Education
45,<http://scigraph.springernature.com/things/conference-series/d895faf9e492baa442e9e163eb0b57a8>,"International Colloquium on Automata, Languages and Programming"
46,<http://scigraph.springernature.com/things/conference-series/c95009a49483ab2d0097c7054e399288>,Nordic Conference on Human-Computer Interaction
47,<http://scigraph.springernature.com/things/conference-series/9e15471c0fa2524fb062d1ccd80c5589>,International Conference on Distributed Computing Systems
48,<http://scigraph.springernature.com/things/conference-series/9a17076c70c8bdb57f3fcc385bdb0f15>,International Conference on Communications
49,<http://scigraph.springernature.com/things/conference-series/69406b84832ff3596c03969ca66b16b1>,International Conference on Information and Communication Security
50,<http://scigraph.springernature.com/things/conference-series/fcccb4b945e395ee4dec6b1a83d3feb2>,International Conference on Services Computing
51,<http://scigraph.springernature.com/things/conference-series/586a222f0f30823e5ad2bcb68c9a6754>,International Conference on Software and Data Technologies
52,<http://scigraph.springernature.com/things/conference-series/51332419c091634b4a68f21805db7550>,European Conference on Service-Oriented and Cloud Computing
53,<http://scigraph.springernature.com/things/conference-series/a0d0aadc47f856fec4547713dfd42746>,International Conference on Computational Linguistics
54,<http://scigraph.springernature.com/things/conference-series/1da643ca9753dd38dfdc16d97e8f6396>,International Conference on Data Communication Networking
55,<http://scigraph.springernature.com/things/conference-series/87b4f0bde12586ef72ed11c190b16bf7>,"International Joint Conference on Knowledge Discovery, Knowledge Engineering and Knowledge Management"
56,<http://scigraph.springernature.com/things/conference-series/2e3e56aea569c057f6a9bbeab5d4d231>,International Conference on Sensor Networks
57,<http://scigraph.springernature.com/things/conference-series/0fec24096996624891624f3389f996f6>, 22nd International Conference on Speech and Computer
58,<http://scigraph.springernature.com/things/conference-series/09a00258c4ce96aa2d1cbc4ca9bdfb2c>, 16TH INTERNATIONAL  CONFERENCE ON INTELLIGENT TUTORING SYSTEMS
59,<http://scigraph.springernature.com/things/conference-series/e0250120e7260486e5f3e8b965995a90>, 16th International Conference on Open Source Systems
60,<http://scigraph.springernature.com/things/conference-series/9ce0a83fc61b82dbba5366d48515e094>, 23rd International Conference on Extending Database Technology
61,<http://scigraph.springernature.com/things/conference-series/b3643704397eb472bc5b180df6140c7b>," International Conference on Broadband Communications, Networks, and Systems"
62,<http://scigraph.springernature.com/things/conference-series/f0b09489d32d9a1d1678049b2a49a6a6>, 24TH INTERNATIONAL CONFERENCE ON RESEARCH IN COMPUTATIONAL MOLECULAR BIOLOGY
63,<http://scigraph.springernature.com/things/conference-series/2b04cf29fcb2c3418b4c883ce197f3db>, 23rd International Conference on Medical Image Computing and Computer Assisted Intervention
64,<http://scigraph.springernature.com/things/conference-series/d756335bdf230885dd112341d2d131da>, 24th International Conference on Theory and Practice of Digital Libraries
65,<http://scigraph.springernature.com/things/conference-series/68e7181fa799e9cc9551905bfd0ca97b>, 9th International Conference on Model and Data Engineering
66,<http://scigraph.springernature.com/things/conference-series/9b022fd175ebd6ad174c3543b5c59df7>, The 19th International Conference on Ad Hoc Networks and Wireless
67,<http://scigraph.springernature.com/things/conference-series/2ed97798cdc7b3fe122b29b4dcbab827>," 10TH INTERNATIONAL CONFERENCE ON MULTIMEDIA COMMUNICATIONS, SERVICES & SECURITY"
68,<http://scigraph.springernature.com/things/conference-series/5afffe459884544900f3471f86a9ebb2>, 12th International Conference on Subject-Oriented Business Process Management
69,<http://scigraph.springernature.com/things/conference-series/16caa865f48d72a18f12bfba4588038a>," 33rd International Conference on Industrial, Engineering and Other Applications of Applied Intelligent Systems"
70,<http://scigraph.springernature.com/things/conference-series/4087f8f8bea6cb1d2c989bc499624a3c>, International Parallel and Distributed Processing Symposium
71,<http://scigraph.springernature.com/things/conference-series/31cc39563f836b587ebe185bd133e855>, 23rd International Conference on Discovery Science
72,<http://scigraph.springernature.com/things/conference-series/5f796ea29fa8e53f58208e4fbc4957e0>, 10th International Conference on Computer Science and Information Technology
74,<http://scigraph.springernature.com/things/conference-series/5d5314d4430c31e5fec3d10e947adc37>, 8th International Conference on Cloud Computing
77,<http://scigraph.springernature.com/things/conference-series/8322b82d4eae4a154a779379c4341dc3>, 18th International Conference on Information Processing and Management of Uncertainty in Knowledge-Based Systems
78,<http://scigraph.springernature.com/things/conference-series/2bd9ed492578cbedc6c136345dec36c5>, The 26th International Computing and Combinatorics Conference
79,<http://scigraph.springernature.com/things/conference-series/91b0bef4d9a72c6cb30ff6c6488938da>, 13th International Joint Conference on Biomedical Engineering Systems and Technologies
80,<http://scigraph.springernature.com/things/conference-series/0be7e8dd1bf6ea27ec311f6e80b06f9e>, 18áµÊ° International Symposium on Automated Technology for Verification and Analysis
81,<http://scigraph.springernature.com/things/conference-series/9d12d14c6bc03b99f1312e6b06b94b75>, 9th International Workshop on Biomedical Image Registration
82,<http://scigraph.springernature.com/things/conference-series/11c880eaab63edf66f3adbba3506b20a>, 18th International Conference on Practical Applications of Agents and Multi-Agent Systems
83,<http://scigraph.springernature.com/things/conference-series/c12297e158214371b3a5a38dd39e63d5>, 15th INTERNATIONAL COMPUTER SCIENCE SYMPOSIUM IN RUSSIA
84,<http://scigraph.springernature.com/things/conference-series/30dac2868f9e1675e538184eef7485b9>," 8th International Conference on Artificial Intelligence, Soft Computing"
85,<http://scigraph.springernature.com/things/conference-series/71a50fc74044800cf91aaf0b7f5f2fd5>," 9th International Conference on MOBILe Wireless MiddleWARE, Operating Systems, and Applications"
86,<http://scigraph.springernature.com/things/conference-series/2531ea189558509ab96b62e7a39aefb0>, 17th IMA International Conference on Cryptography and Coding
87,<http://scigraph.springernature.com/things/conference-series/4367e8b6f68015d5f60c410aa164461c>, 8th International Conference on e-Democracy
88,<http://scigraph.springernature.com/things/conference-series/8cc8d591854d9abe6349a99d024f7f7f>, 15th International Workshop on Security and Trust Management
89,<http://scigraph.springernature.com/things/conference-series/763e5dc78f65f483ebffc50f13666a39>, 14th International Conference on Language and Automata Theory and Applications
90,<http://scigraph.springernature.com/things/conference-series/7486452043d085d7ad113f7fa3d10c28>, 8th International Conference on Information Systems and Security
91,<http://scigraph.springernature.com/things/conference-series/6fb5d5a34fed7b9efd99c2726447354a>, 24th Brazilian Symposium on Programming Languages
92,<http://scigraph.springernature.com/things/conference-series/6d1d12f0468387009d35469cae082b91>, 27th International Colloquium on Structural Information and Communication Complexity
93,<http://scigraph.springernature.com/things/conference-series/5c863dc198a0be83eb3bb607095abb19>, 9th International Conference on Image and Signal Processing
94,<http://scigraph.springernature.com/things/conference-series/f54f7631804dabec36b1de94d28054b6>, The 15th International Conference on Mobile Ad-hoc and Sensor Networks
95,<http://scigraph.springernature.com/things/conference-series/736debdcb5c65561686da61cc9121226>, 5th International Conference on Advanced Machine Learning Technologies and Applications
96,<http://scigraph.springernature.com/things/conference-series/addb3ecfd1f86644ca19bf13e5884af9>, 7th International Conference on Algorithms for Computational Biology
97,<http://scigraph.springernature.com/things/conference-series/8d32a71b932bdbc92294fa7a6a2717e2>," 7th International Conference on Augmented Reality, Virtual Reality and Computer Graphics"
98,<http://scigraph.springernature.com/things/conference-series/d25d05b245e57a8714680c24689715de>, The 11th International Conference on Advances in Information Technology
99,<http://scigraph.springernature.com/things/conference-series/f69dd7941e40b604d4519e32bcdd0d84>, 17th European Conference on Multi-Agent Systems
100,<http://scigraph.springernature.com/things/conference-series/35c71fb7158ea6b57f1cc6b0da5e36ec>, 7th International Workshop on Formal Techniques for Safety-Critical Systems
101,<http://scigraph.springernature.com/things/conference-series/a16954a5e169ea3e589ffc998e36d03f>,  International Work-Conference on Bioinformatics and Biomedical Engineering
102,<http://scigraph.springernature.com/things/conference-series/d32d5cffd02785844263181d3cfff65c>, THE 8th INTERNATIONAL CONFERENCE ON NETWORKED SYSTEMS
103,<http://scigraph.springernature.com/things/conference-series/af8797d5eb6297e97997640b9cf01424>, International Conference on Intelligent and Cloud Computing
104,<http://scigraph.springernature.com/things/conference-series/e50c80e7c78b6f6ad532d499999cd9f9>," The 13th International Conference on Security, Privacy and Anonymity in Computation, Communication and Storage"
105,<http://scigraph.springernature.com/things/conference-series/9f6fa7aa8d59aded4f5ef2832f897d28>, The 7th International Conference on Agreement Technologies
106,<http://scigraph.springernature.com/things/conference-series/d9cf4ae630074ce7c637600cb8ce1ef0>, 20th International Conference on Innovations for Community Services
107,<http://scigraph.springernature.com/things/conference-series/de050d22c4e427d87d7495dcdc364470>, 13th International Conference on Blended Learning
