,conferenceseries_name
0,Conference on Biomimetic and Biohybrid Systems
1,International Conference on Information Computing and Applications
2,European Parallel Virtual Machine Conference
3,International Conference on Speech and Computer
4,International Conference on Technologies for E-Learning and Digital Entertainment
5,International United Information Systems Conference
6,International Conference on Grid and Cooperative Computing
7,International Workshop on Networked Group Communication
8,International Conference on Automated Deduction
9,International Conference on Computational Science and Its Applications
10,International Conference on Intelligent Tutoring Systems
11,International Conference on Big Data Analytics and Knowledge Discovery
12,International Workshop on Distributed Algorithms
13,International Symposium on Graph Drawing and Network Visualization
14,International Conference on Knowledge-Based and Intelligent Information and Engineering Systems
15,"International Conference on Global Security, Safety, and Sustainability"
16,Robot Soccer World Cup
17,International Conference on Database and Expert Systems Applications
18,International Conference on Intelligent Computing
19,International Conference on Scientific and Statistical Database Management
20,International Conference on Mobile Multimedia Communications
21,International Workshop on Artificial Neural Networks
22,Portuguese Conference on Artificial Intelligence
23,"International Symposium on Research in Attacks, Intrusions, and Defenses"
24,International Conference on Ubiquitous Computing
25,International Conference on Inductive Logic Programming
26,IFIP International Conference on Product Lifecycle Management
27,Annual Symposium on Theoretical Aspects of Computer Science
28,Ada-Europe International Conference on Reliable Software Technologies
29,International Symposium on Methodologies for Intelligent Systems
30,International Workshop on Document Analysis Systems
31,International Conference on Computer and Computing Technologies in Agriculture
32,International Conference on Engineering Psychology and Cognitive Ergonomics
33,Workshop on Cryptography
34,European Conference on Information Retrieval
35,International Conference on Model Driven Engineering Languages and Systems
36,International Workshop on Applied Reconfigurable Computing
37,International Conference on Access Networks
38,Workshop on the Theory and Application of Cryptographic Techniques
39,IFIP International Conference on Open Source Systems
40,International Workshop on Applied Parallel Computing
41,International Conference on Web-Based Learning
42,International Conference on Computer Analysis of Images and Patterns
43,International Conference on Ant Colony Optimization and Swarm Intelligence
44,International Workshop on Computer Algebra in Scientific Computing
45,International Conference on Rewriting Techniques and Applications
46,International Conference on Digital Forensics and Cyber Crime
47,IFIP International Working Conference on Knowledge Management in Electronic Government
48,International Workshop on Multi-Agent Systems and Agent-Based Simulation
49,Workshop on Compiler Compilers and High Speed Compilation
50,IFIP/IEEE International Conference on Management of Multimedia Networks and Services
51,International Conference on Algorithms and Complexity
52,International Conference on Practical Aspects of Knowledge Management
53,Workshop on Adaptive Hypermedia
54,International Conference on Software Engineering and Computer Systems
55,International Symposium on Parallel and Distributed Processing and Applications
56,IFIP International Conference on Communications and Multimedia Security
57,International Workshop on Grid Computing
58,Haifa Verification Conference
59,"International Workshop on Text, Speech and Dialogue"
60,International Conference on Extending Database Technology
61,International Conference on Computer Networks
62,"International Conference of Design, User Experience, and Usability"
63,Austrian Conference on Fuzzy Logic in Artificial Intelligence
64,International Conference on Research in Networking
65,IFIP Conference on System Modeling and Optimization
66,International Symposium on Mathematical Foundations of Computer Science
67,International Workshop on Graphics Recognition
68,"International Conference on Applied Algebra, Algebraic Algorithms, and Error-Correcting Codes"
69,International Conference on Software Reuse
70,European Conference on Parallel Processing
71,Conference on Logic Programming
72,International Conference on Computational Science
73,East European Symposium on Advances in Databases and Information Systems
74,International Conference on Hybrid Information Technology
75,International Workshop on Numerical Analysis and Its Applications
76,International Conference on Computers Helping People with Special Needs
77,"International Conference on Simulation, Modeling, and Programming for Autonomous Robots"
78,"International Symposium on Abstraction, Reformulation, and Approximation"
79,International Workshop on Cooperative Information Agents
80,International Workshop on Field Programmable Logic and Applications
81,International Conference on Wireless and Satellite Systems
82,International Conference on Conceptual Modeling
83,International Conference on Universal Access in Human-Computer Interaction
84,International Conference on Applications and Theory of Petri Nets and Concurrency
85,International Conference on Mathematics of Program Construction
86,International Conference of the Austrian Center for Parallel Computation
87,Asia Information Retrieval Symposium
88,"International Conference on Information Intelligence, Systems, Technology and Management"
89,IFIP Conference on History of Nordic Computing
90,International Workshop on Conditional Term Rewriting Systems
91,International Conference on Database Systems for Advanced Applications
92,KES International Symposium on Agent and Multi-Agent Systems: Technologies and Applications
93,"International Conference on Broadband Communications, Networks and Systems"
94,International Conference on Next Generation Information Technologies and Systems
95,International Conference on Parallel Computing Technologies
96,International Workshop on Databases in Telecommunications
97,International Workshop on Self-Organizing Maps
98,International Conference on Foundations of Software Technology and Theoretical Computer Science
99,"International Workshop on Rough Sets, Fuzzy Sets, Data Mining, and Granular-Soft Computing"
100,Iberoamerican Congress on Pattern Recognition
101,"International Conference on Green, Pervasive, and Cloud Computing"
102,International Conference on Intelligent Information Processing
103,European Knowledge Acquisition Workshop
104,International Conference on Distributed Computing and Networking
105,Pacific Rim Conference on Multimedia
106,International Symposium on Logic-Based Program Synthesis and Transformation
107,International Workshop on Rapid Integration of Software Engineering Techniques
108,International Conference on Smart Card Research and Advanced Applications
109,International Conference on Deductive and Object-Oriented Databases
110,International Conference Image Analysis and Recognition
111,IFIP Conference on Human-Computer Interaction
112,International Conference on Formal Modeling and Analysis of Timed Systems
113,Asia-Pacific Network Operations and Management Symposium
114,International Workshop on Ambient Assisted Living
115,International Workshop on Graph-Theoretic Concepts in Computer Science
116,EuroSymposium on Systems Analysis and Design
117,IACR International Workshop on Public Key Cryptography
118,European Symposium on Programming Languages and Systems
119,Asian Conference on Computer Vision
120,Annual Privacy Forum
121,International Conference on High-Performance Embedded Architectures and Compilers
122,International Conference on High-Performance Computing and Networking
123,International Conference on Medical Image Computing and Computer-Assisted Intervention
124,International Workshop on Trust in Agent Societies
125,International Conference on Mathematical Knowledge Management
126,International Symposium on Neural Networks
127,International Conference on Theory and Practice of Digital Libraries
128,International Conference on Computer Supported Cooperative Work in Design
129,International Workshop on Biologically Motivated Computer Vision
130,International Conference on COTS-Based Software Systems
131,European Conference on Object-Oriented Programming
132,"Doctoral Conference on Computing, Electrical and Industrial Systems"
133,International Conference on Principles and Practice of Constraint Programming
134,IBM Germany Scientific Symposium Series
135,International Conference on Web Information Systems Engineering
136,International Conference on Fast Software Encryption
137,International Conference on Theorem Proving in Higher Order Logics
138,International Conference on Business Process Management
139,International Symposium on Formal Techniques in Real-Time and Fault-Tolerant Systems
140,International Workshop on Passive and Active Network Measurement
141,International Conference of the Cross-Language Evaluation Forum for European Languages
142,International Workshop on Distributed Systems: Operations and Management
143,IFIP International Conference on Personal Wireless Communications
144,IFIP International Conference on Trust Management
145,International Conference on Advanced Concepts for Intelligent Vision Systems
146,"International Conference on Machines, Computations, and Universality"
147,International Conference on Ubiquitous Intelligence and Computing
148,Colloquium on Trees in Algebra and Programming
149,International Conference on Smart Homes and Health Telematics
150,European Working Session on Learning
151,International Conference on Principles and Practice of Multi-Agent Systems
152,International Symposium on Computer and Information Sciences
153,Mexican International Conference on Artificial Intelligence
154,International Conference on Selected Areas in Cryptography
155,International Workshop on Algebraic and Logic Programming
156,Symposium on Mathematical Fundamentals of Database Systems
157,International Conference on Logic Programming
158,International Conference on Human Centered Design
159,Symposium on Large Spatial Databases
160,International Conference on Fundamentals of Computation Theory
161,International Conference on Worldwide Computing and Its Applications
162,International Workshop on Languages and Compilers for Parallel Computing
163,European Conference on Computational Learning Theory
164,International Symposium on Rules and Rule Markup Languages for the Semantic Web
165,International Conference on Machine Learning and Data Mining in Pattern Recognition
166,International Conference on Parallel Architectures and Languages Europe
167,Conference of the Association for Machine Translation in the Americas
168,International Conference on Asian Digital Libraries
169,International Conference on Artificial Intelligence and Symbolic Mathematical Computing
170,International Workshop on Network and Operating Systems Support for Digital Audio and Video
171,ERCIM Workshop on User Interfaces for All
172,International Conference on Evolvable Systems
173,"International Conference on Objects, Components, Models and Patterns"
174,European Conference on Symbolic and Quantitative Approaches to Reasoning and Uncertainty
175,International Symposium on Algorithmic Game Theory
176,International Conference on Applications of Natural Language to Information Systems
177,International Conference on Intelligence and Security Informatics
178,International Workshop on Analogical and Inductive Inference
179,International Conference on Intelligence in Services and Networks
180,International Conference on Ad-Hoc Networks and Wireless
181,International Conference on Conceptual Structures
182,International Work-Conference on the Interplay Between Natural and Artificial Computation
183,"International Symposium On Leveraging Applications of Formal Methods, Verification and Validation"
184,"International Workshop on Power and Timing Modeling, Optimization and Simulation"
185,International Workshop on Computer Science Logic
186,Australian Joint Conference on Artificial Intelligence
187,"International Conference on Multimedia Communications, Services and Security"
188,Pacific Rim International Conference on Artificial Intelligence
189,Latin American Symposium on Theoretical Informatics
190,"International Workshop on Design, Specification, and Verification of Interactive Systems"
191,International Conference on Neural Information Processing
192,Biennial Conference on Professional Knowledge Management/Wissensmanagement
193,International Conference on Subject-Oriented Business Process Management
194,Fachtagung Struktur und Betrieb von Rechensystemen
195,International Conference in Swarm Intelligence
196,Cambridge International Workshop on Security Protocols
197,International Conference on Object-Oriented Information Systems
198,International Workshop on Learning Software Organizations
199,International Conference on Mobile Networks and Management
200,International Symposium on Search Based Software Engineering
201,International Conference on Electronic Government and the Information Systems Perspective
202,"International Conference on Industrial, Engineering and Other Applications of Applied Intelligent Systems"
203,International Parallel and Distributed Processing Symposium
204,International Conference on Multimedia Modeling
205,European Conference on Technology Enhanced Learning
206,International Conference on Artificial Neural Networks
207,International Conference on Agile Processes and Extreme Programming in Software Engineering
208,International Conference on Cellular Automata
209,"International Conference on Knowledge Science, Engineering and Management"
210,European Dependable Computing Conference
211,International Conference on Discovery Science
212,IFIP/ACM International Conference on Distributed Systems Platforms and Open Distributed Processing
213,"International Conference on Abstract State Machines, Alloy, B and Z"
214,International Conference on Database Theory
215,Asia-Pacific Web Conference
216,International Conference on Intelligent Technologies for Interactive Entertainment
217,European Conference on Software Architecture
218,International Conference on Logical Aspects of Computational Linguistics
219,International Conference on High-Performance Computing
220,European Public Key Infrastructure Workshop
221,International Conference on Big Data Analytics
222,International Conference on Networking
223,"International Workshop on Higher-Order Algebra, Logic, and Term Rewriting"
224,European Workshop on 3D Structure from Multiple Images of Large-Scale Environments
225,International Conference on Technologies for Interactive Digital Storytelling and Entertainment
226,International Conference on Electronic Healthcare
227,International Conference on Web-Age Information Management
228,International Workshop on Traffic Monitoring and Analysis
229,International Conference on Security in Pervasive Computing
230,International Conference on Advanced Data Mining and Applications
231,International Conference on Coordination Languages and Models
232,International Conference on Information Technologies and Mathematical Modelling
233,International Conference on Current Trends in Theory and Practice of Informatics
234,International Workshop on Computational Processing of the Portuguese Language
235,International Conference on Distributed Computing in Sensor Systems
236,International Workshop on Runtime Verification
237,International Conference on Entertainment Computing
238,International Conference on Image Analysis and Processing
239,International Workshop on Extensions of Logic Programming
240,International Conference on Distributed Computing and Internet Technology
241,International Conference on Product Focused Software Process Improvement
242,International Conference on Computer Science and Information Technology
243,International Workshop on Internet Charging and QoS Technologies
244,European Software Engineering Conference
245,International Symposium on Algorithms and Computation
246,International Workshop on Mobile Agents
247,Research Conference on Metadata and Semantic Research
248,International Conference on Service-Oriented Computing
249,International Conference on Theory and Application of Diagrams
250,Congress of the Italian Association for Artificial Intelligence
251,International Conference on Intelligent Data Engineering and Automated Learning
252,International Workshop on Information Hiding
253,International Conference on Telecommunications
254,International Workshop on Agent-Mediated Electronic Commerce and Trading Agents Design and Analysis
255,Conference of the European Cooperation in Informatics
256,Working Conference on Virtual Enterprises
257,Asian Computing Science Conference
258,International Conference on ICT in Teaching and Learning
259,International Conference on Foundations of Data Organization and Algorithms
260,Workshop on Chinese Lexical Semantics
261,Asian Conference on Intelligent Information and Database Systems
262,IEEE International Conference on Cloud Computing
263,International Conference on Formal Engineering Methods
264,IAPR International Conference on Pattern Recognition in Bioinformatics
265,International Conference on Computer Aided Systems Theory
266,International Conference on Business Informatics Research
267,International Workshop on Technologies for E-Services
268,International Workshop on Theorem Proving with Analytic Tableaux and Related Methods
269,European Workshop on Modelling Autonomous Agents in a Multi-Agent World
270,International Conference on Information and Communications Security
271,International Conference on Computational Intelligence
272,International Conference on Networks for Grid Applications
273,Joint Conference on Knowledge-Based Software Engineering
274,International Conference on Flexible Query Answering Systems
275,International Gesture Workshop
276,International Conference on Natural Language Processing
277,International Conference on Theory and Applications of Satisfiability Testing
278,International Workshop on Formal Approaches to Agent-Based Systems
279,"International Symposium on Stabilization, Safety, and Security of Distributed Systems"
280,International Conference on Case-Based Reasoning
281,International Conference on Embedded Software and Systems
282,International Symposium on Logical Foundations of Computer Science
283,International Conference on Algorithmic Learning Theory
284,International Workshop on Data Privacy Management
285,International Conference on Cross-Cultural Design
286,"International Conference on Wireless Algorithms, Systems, and Applications"
287,International Andrei Ershov Memorial Conference on Perspectives of System Informatics
288,International Conference on Pairing-Based Cryptography
289,International Algorithmic Number Theory Symposium
290,IFIP International Conference on Artificial Intelligence in Theory and Practice
291,Italian Conference on Theoretical Computer Science
292,International Workshop on Word Equations and Related Topics
293,International Workshop on Optical Supercomputing
294,International Conference on Medical Biometrics
295,Asia-Pacific Conference on Advances in Computer Systems Architecture
296,German Conference on Multiagent System Technologies
297,International Computer Science Conference on Active Media Technology
298,Irish Conference on Artificial Intelligence and Cognitive Science
299,International Conference on Logic Programming and Nonmonotonic Reasoning
300,International Hybrid Systems Workshop
301,NASA Formal Methods Symposium
302,International Workshop on Embedded Computer Systems
303,European Workshop on Case-Based Reasoning
304,International Conference on Advances in Visual Information Systems
305,International Workshop on Information Security Applications
306,"Conference on e-Business, e-Services and e-Society"
307,European Semantic Web Symposium
308,"International Workshop on Mathematical Methods, Models, and Architectures for Network Security"
309,International Conference on Algebraic Methodology and Software Technology
310,IFIP International Conference on Network and Parallel Computing
311,Conference Towards Autonomous Robotic Systems
312,European Workshop on Software Process Technology
313,IFIP International Working Conference on Active Networks
314,International Conference on Concurrency Theory
315,"International Conference on Mobile and Ubiquitous Systems: Computing, Networking, and Services"
316,International Conference in Cryptology in India
317,International Workshop on Object-Oriented Database Systems
318,International Conference on Information Security and Cryptology
319,International Symposium on Formal Methods
320,European Conference on a Service-Based Internet
321,International Provenance and Annotation Workshop
322,"International Conference on Advances in Communication, Network, and Computing"
323,"International Workshop on Logic, Language, Information, and Computation"
324,European Workshop on Learning Robots
325,International Conference on Integrated Formal Methods
326,International Conference on Vector and Parallel Processing
327,International Joint Conference on Advances in Signal Processing and Information Technology
328,Conference of the Canadian Society for Computational Studies of Intelligence
329,Brazilian Symposium on Artificial Intelligence
330,International Workshop of Central and Eastern Europe on Multi-Agent Systems
331,International Conference on Wired/Wireless Internet Communications
332,Workshop on the Specification of Abstract Data Types
333,International Symposium on Programming
334,Language and Technology Conference
335,International Conference on Software Engineering Approaches for Offshore and Outsourced Development
336,International Conference on Fuzzy Systems and Knowledge Discovery
337,International Workshop on Agents and P2P Computing
338,International Conference on Networked Digital Technologies
339,"Workshop on Parallel Processing: Logic, Organization, and Technology"
340,International Conference on Natural Language Processing
341,Workshop on Radical Agent Concepts
342,International and Interdisciplinary Conference on Modeling and Using Context
343,FIRA RoboWorld Congress
344,Workshop on Machine Translation and Lexicon
345,International Symposium and School on Advancex Distributed Systems
346,International Computer Science Conference
347,European Workshop on Logics in Artificial Intelligence
348,International Workshop on Frontiers in Algorithmics
349,Joint European-US Workshop on Applications of Invariance in Computer Vision
350,Workshop on Algorithms and Data Structures
351,International Symposium on Applications of Graph Transformations with Industrial Relevance
352,International Conference on e-Infrastructure and e-Services for Developing Countries
353,International Conference on Computer Assisted Learning
354,International Conference on Intelligent Virtual Agents
355,European Conference on Spatial Information Theory
356,Early Aspects Workshop
357,International Conference on Artificial Intelligence and Computational Intelligence
358,IFIP International Summer School on Privacy and Identity Management
359,"International Conference on Availability, Reliability, and Security"
360,International Computing and Combinatorics Conference
361,Russia-Taiwan Symposium on Methods and Tools of Parallel Processing
362,International Workshop on Visual Content Processing and Representation
363,International Conference on Parallel Processing and Applied Mathematics
364,Australasian Conference on Information Security and Privacy
365,International Symposium on Stochastic Algorithms
366,International Symposium on Visual Computing
367,International Conference on Transport Systems Telematics
368,International Conference on Computational Methods in Systems Biology
369,International Conference on Integer Programming and Combinatorial Optimization
370,International Conference on Ubiquitous Computing and Ambient Intelligence
371,International Symposium on Intelligence Computation and Applications
372,International Symposium on High Performance Computing
373,International Conference on Rough Sets and Current Trends in Computing
374,International Conference on Generative Programming and Component Engineering
375,International Conference on Software Process Improvement and Capability Determination
376,Joint DAGM (German Association for Pattern Recognition) and OAGM Symposium
377,UK Workshop on Case-Based Reasoning
378,International Symposium on Constraint Databases and Applications
379,International Congress on Mathematical Software
380,Workshop on Enterprise and Organizational Modeling and Simulation
381,International Workshop on Formal Methods for Industrial Critical Systems
382,Asia-Pacific Conference on Computer Human Interaction
383,International Conference on Trust Management
384,International Conference on Wireless Communications and Applications
385,International Symposium of VDM Europe
386,International Conference on Contemporary Computing
387,International Workshop on Advanced Parallel Processing Technologies
388,Asia-Pacific Conference on Simulated Evolution and Learning
389,International Conference on Provable Security
390,British International Conference on Databases
391,Advanced Course on Petri Nets
392,International Conference on Autonomic and Trusted Computing
393,"International Conference on Formal Techniques for Distributed Objects, Components, and Systems"
394,International Working Conference on Requirements Engineering: Foundation for Software Quality
395,International Workshop on Communication Technologies for Vehicles
396,"International Conference on Internationalization, Design and Global Development"
397,International Workshop on the Theory and Application of Cryptographic Techniques
398,International Conference on Virtual Storytelling
399,International Symposium on Information Management in a Changing World
400,IFIP International Conference on Human Choice and Computers
401,International Workshop on Architectural Reasoning for Embedded Systems
402,International Workshop on Agent-Oriented Software Engineering
403,European Conference on Modelling Foundations and Applications
404,Chinese Semantic Web and Web Science Conference
405,International Conference on Scalable Uncertainty Management
406,International Workshop on Mobile Agents for Telecommunication Applications
407,Joint International Conference on Interactive Digital Storytelling
408,International Symposium on Evolutionary Robotics
409,"Net.ObjectDays: International Conference on Object-Oriented and Internet-Based Technologies, Concepts, and Applications for a Networked World"
410,Asian Simulation Conference
411,International Conference on High Performance Computing and Communications
412,International Joint Conference on Biomedical Engineering Systems and Technologies
413,International Symposium on Automated Technology for Verification and Analysis
414,International Workshop on Digital Mammography
415,European Conference on Software Process Improvement
416,International Atlantic Web Intelligence Conference
417,International Wireless Internet Conference
418,International Workshop on Privacy Enhancing Technologies
419,International Conference on Information Security and Cryptology
420,International Fuzzy Systems Association World Congress
421,International Workshop on Innovative Internet Community Systems
422,International Workshop on AI Approaches to the Complexity of Legal Systems
423,International Symposium on Security in Computing and Communication
424,International School on Advanced Functional Programming
425,International Conference on Motion in Games
426,German Conference on Knowledge-Based Systems
427,Asian Semantic Web Conference
428,International Conference on Computer Processing of Oriental Languages
429,International Static Analysis Symposium
430,"European Conference on Multimedia Applications, Services, and Techniques"
431,International Workshop on Business Intelligence for the Real-Time Enterprise
432,International Joint Conference on Theory and Practice of Software Development
433,International Symposium on Database Programming Languages
434,International Semantic Web Conference
435,International Conference on Testbeds and Research Infrastructures
436,International Workshop on Biomedical Image Registration
437,Industrial Conference on Data Mining
438,International Symposium on Location- and Context-Awareness
439,International Conference on Logic for Programming Artificial Intelligence and Reasoning
440,International Workshop on Energy Minimization Methods in Computer Vision and Pattern Recognition
441,International Conference on Learning and Intelligent Optimization
442,International Symposium on String Processing and Information Retrieval
443,"International Conference on Detection of Intrusions and Malware, and Vulnerability Assessment"
444,International Conference on Digital Human Modeling
445,European Symposium on Ambient Intelligence
446,International Workshop on Parallel Computer Routing and Communication
447,International Conference on Intelligent Robotics and Applications
448,International Conference on Cryptographic Hardware and Embedded Systems
449,International Conference on Algorithmic Applications in Management
450,International Workshop of the Initiative for the Evaluation of XML Retrieval
451,"International Workshop on Logic, Rationality and Interaction"
452,"International Conference on Artificial Intelligence: Methodology, Systems, and Applications"
453,International Workshop on Embedded Software
454,International Symposium on Bioinformatics Research and Applications
455,International Conference on Virtual Systems and Multimedia
456,IFIP International Conference on ICT Systems Security and Privacy Protection
457,IFIP International Conference on Digital Forensics
458,Conference on Functional Programming Languages and Computer Architecture
459,International Conference on Practical Applications of Agents and Multi-Agent Systems
460,International Workshop on Distributed Communities on the Web
461,International Workshop on Fuzzy Logic and Applications
462,European Conference on Artificial Life
463,International Workshop on Web and Internet Economics
464,International Workshop on Quality of Service
465,"International Conference on Auctions, Market Mechanisms and Their Applications"
466,International Conference on Security and Privacy in Mobile Information and Communication Systems
467,International Conference on Serious Games Development and Applications
468,IFIP International Conference on Testing of Software and Communicating Systems
469,International Workshop on Frontiers of Combining Systems
470,International Conference on Web Reasoning and Rule Systems
471,International Conference on Human Interface and the Management of Information
472,International Workshop on Security
473,International Workshop on Statistical Methods in Video Processing
474,International Workshop on Multimedia Interactive Protocols and Systems
475,International Workshop on Randomization and Approximation Techniques in Computer Science
476,International Conference on Software Product Lines
477,International Conference on Electronic Commerce and Web Technologies
478,International Precision Assembly Seminar
479,International Conference on Audio- and Video-Based Biometric Person Authentication
480,International Conference on DNA-Based Computers
481,RECOMB Workshop on Computational Methods for SNPs and Haplotype Inference
482,International Workshop on Post-Quantum Cryptography
483,European Workshop on Software Architecture
484,International Workshop on Theory and Application of Graph Transformations
485,Asian Symposium on Programming Languages and Systems
486,International Symposium on Environmental Software Systems
487,International XML Database Symposium
488,International Workshop on Interactive Distributed Multimedia Systems and Telecommunication Services
489,International Conference on Foundations of Software Science and Computational Structures
490,International Conference on Computational Collective Intelligence
491,International Conference on Usability and Internationalization
492,IFIP International Conference on Distributed Applications and Interoperable Systems
493,International Workshop on Self-Adaptive Software
494,International Conference on Biometrics
495,International Workshop on Mining Web Data for Discovering Usage Patterns and Profiles
496,International Workshop on Data Integration in the Life Sciences
497,Conference on Artificial Intelligence in Medicine in Europe
498,International Conference on Pattern Recognition and Machine Intelligence
499,International Workshop on New Frontiers in Mining Complex Patterns
500,International Workshop on Digital Watermarking
501,International Conference on Nonlinear Dynamics of Electronic Systems
502,Aegean Workshop on Computing
503,Scandinavian Workshop on Algorithm Theory
504,International Conference on the Practice and Theory of Automated Timetabling
505,International Workshop on Finite-State Methods and Natural Language Processing
506,International Workshop on Mathematical Foundations of Programming Semantics
507,International Conference on Hybrid Learning
508,International Workshop on Hybrid Artificial Intelligence Systems
509,International Conference on Computers and Games
510,International Conference on Modeling Decisions for Artificial Intelligence
511,International Conference on Critical Information Infrastructures Security
512,International Conference on Unconventional Computing and Natural Computation
513,"International Symposium on Algorithms and Experiments for Sensor Systems, Wireless Networks and Distributed Robotics"
514,International Conference on Interactive Theorem Proving
515,IEEE International Conference on High Speed Networks and Multimedia Communications
516,International MICCAI Workshop on Medical Computer Vision
517,International Conference on E-Business and Telecommunication Networks
518,International Conference on Future Generation Information Technology
519,International Conference on Informatics and Semiotics in Organisations
520,International Computer Science Symposium in Russia
521,International Conference on Informatics in Secondary Schools - Evolution and Perspectives
522,International Symposium on Computer Music Multidisciplinary Research
523,International Conference on Sensor Systems and Software
524,International Conference of Software Business
525,European Conference on Genetic Programming
526,Working Conference on Practice-Driven Research on Enterprise Transformation
527,International Conference on Network-Based Information Systems
528,Workshop on Secure Data Management
529,International Conference on Theory and Applications of Models of Computation
530,"International Conference on Cooperative Design, Visualization and Engineering"
531,International Service Availability Symposium
532,"Workshop on Big Data Benchmarks, Performance Optimization, and Emerging Hardware"
533,International Meeting of Young Computer Scientists
534,International Workshop on Databases in Networked Information Systems
535,International Workshop on Tools and Algorithms for the Construction and Analysis of Systems
536,Meeting of the European Network of Universities and Companies in Information and Communication Engineering
537,International Conference on Nano-Networks
538,International Conference on Adaptive and Natural Computing Algorithms
539,International Symposium on End User Development
540,"International Conference: Beyond Databases, Architectures and Structures"
541,Theory of Cryptography Conference
542,Italian Research Conference on Digital Libraries
543,International Conference on Fun with Algorithms
544,International Conference on Parallel Computing in Fluid Dynamics
545,International Conference on Technical Formal Methods
546,International Workshop on Peer-to-Peer Systems
547,International Workshop on Quality of Service in Multiservice IP Networks
548,International Conference on Multiparadigm Programming in Mozart/OZ
549,International Workshop on Quality of Future Internet Services
550,International Workshop on Engineering Societies in the Agents World
551,"International Conference on Distributed, Ambient, and Pervasive Interactions"
552,International Conference on Advances in Information Systems
553,Ibero-American Conference on Artificial Intelligence
554,Workshop on Information Systems and Artificial Intelligence
555,Iberian Conference on Pattern Recognition and Image Analysis
556,European Conference on Interactive Television
557,International Conference on Business Information Systems
558,International Conference on Virtual and Mixed Reality
559,European Workshop on Planning
560,International Conference on Virtual Worlds
561,International Conference on Pervasive Computing
562,International Conference on Analytical and Stochastic Modeling Techniques and Applications
563,International Conference on Persuasive Technology
564,International Workshop on Modelling and Simulation for Autonomous Systems
565,"International Conference on Human Aspects of Information Security, Privacy, and Trust"
566,International Workshop on Implementing Automata
567,International Conference on Artificial Intelligence and Soft Computing
568,International Symposium on Smart Graphics
569,China Workshop on Machine Translation
570,International Conference on Engineering Applications of Neural Networks
571,International Workshop on Self-Organizing Systems
572,International Conference on Mobile Human-Computer Interaction
573,Euro-Mediterranean Conference
574,International Conference on Scale Space and Variational Methods in Computer Vision
575,Conference on Computability in Europe
576,Joint Modular Languages Conference
577,International Workshop on Cooperative Buildings
578,International Workshop on Adaptive Multimedia Retrieval
579,International Conference on Social Computing and Social Media
580,International Symposium on Model Checking Software
581,"International Conference on Mobile Wireless Middleware, Operating Systems, and Applications"
582,IFIP-International Workshop on Enterprise Interoperability
583,"International Conference on Mobile Computing, Applications, and Services"
584,International Workshop on Systems and Frameworks for Computational Morphology
585,IMA International Conference on Cryptography and Coding
586,International Competition on Evaluating AAL Systems through Competitive Benchmarking
587,Asian Applied Computing Conference
588,IFIP Working Conference on Policies and Research in Identity Management
589,International Workshop on OpenMP
590,"International Conference on Heterogeneous Networking for Quality, Reliability, Security and Robustness"
591,International Conference on System Analysis and Modeling
592,International Conference on Computing in Object-Oriented Parallel Environments
593,International Tutorial and Research Workshop on Perception and Interactive Technologies for Speech-Based Systems
594,IFIP Conference on Information Technology in Educational Management
595,International Conference on Next Generation Wired/Wireless Networking
596,International Conference on Formal Concept Analysis
597,International Conference on Trends in Enterprise Application Architecture
598,International Workshop on Software and Compilers for Embedded Systems
599,International Workshop on Structural and Syntactic Pattern Recognition
600,International Conference on Artificial General Intelligence
601,International Workshop on Multimedia Information Systems
602,"International Conference on Social Computing, Behavioral Modeling, and Prediction"
603,International Conference on Information Security and Assurance
604,CCF National Conference on Compujter Engineering and Technology
605,International Conference on Complex Sciences
606,International Conference on Information Security and Digital Forensics
607,International Conference on Algebraic Informatics
608,International Conference on Applied Cryptography and Network Security
609,International Conference on e-Democracy
610,International Symposium on Combinatorial Optimization
611,International Workshop on Risk Assessment and Risk-driven Testing
612,International Workshop on Future Internet Testing
613,International Symposium on Quantum Interaction
614,Workshop on Clinical Image-Based Procedures
615,International Symposium on Trustworthy Global Computing
616,"International Workshop on Languages, Methodologies and Development Tools for Multi-Agent Systems"
617,Chinese Conference on Pattern Recognition
618,International Conference on Formal Methods in Computer-Aided Design
619,International Conference on Developments in Language Theory
620,"International Conference on AI, Simulation, and Planning in High Autonomy Systems"
621,International Workshop on Security and Trust Management
622,International Symposium on Ubiquitious Computing Systems
623,International Conference on Foundations of Augmented Cognition
624,International Conference on Algorithms and Architectures for Parallel Processing
625,International Conference on Independent Component Analysis and Signal Separation
626,International Conference on Large-Scale Scientific Computing
627,"International Conference on Advances in New Technologies, Interactive Interfaces, and Communicability"
628,International Conference on Rough Sets and Knowledge Technology
629,International Conference on Medical Imaging and Virtual Reality
630,International Conference on Sequences and Their Applications
631,International Conference on Affective Computing and Intelligent Interaction
632,International Workshop on Formal Approaches to Software Testing
633,International Workshop on Foundations of Genetic Algorithms
634,International Workshop on Experimental and Efficient Algorithms
635,Symposium on Combinatorial Pattern Matching
636,International Workshop on Multiple Classifier Systems
637,International Symposium on Parameterized and Exact Computation
638,International Conference on Agents and Artificial Intelligence
639,"International Conference on Verified Software: Theories, Tools, and Experiments"
640,International Symposium on Component-Based Software Engineering
641,International Conference on Nonlinear Speech Processing
642,International Meeting on Computational Intelligence Methods for Bioinformatics and Biostatistics
643,International Conference on Algebra and Coalgebra in Computer Science
644,International Symposium on Engineering Secure Software and Systems
645,International Conference on Information Security Practice and Experience
646,"International Conference on Bio-Inspired Models of Network, Information, and Computing Systems"
647,International Workshop on Combinatorial Image Analysis
648,International Conference on Social Robotics
649,International Conference on Software Engineering Research and Applications
650,RECOMB Workshop on Comparative Genomics
651,Latin-American Symposium on Dependable Computing
652,International Conference on Evolutionary Multi-Criterion Optimization
653,Symposium of the Austrian HCI and Usability Engineering Group
654,Advanced Course on Artificial Intelligence
655,IFIP/IEEE International Conference on Very Large Scale Integration - System on a Chip
656,International Conference on Language and Automata Theory and Applications
657,International Conference on Ad Hoc Networks
658,International Workshop of the EuroNGI Network of Excellence
659,International Conference on Information Systems for Crisis Response and Management in Mediterranean Countries
660,Workshop on Combinatorial and Algorithmic Aspects of Networking
661,"International School on Formal Methods for the Design of Computer, Communication and Software Systems"
662,International Workshop on Functional Imaging and Modeling of the Heart
663,Monterey Workshop
664,European Conference on Smart Sensing and Context
665,International Conference on Information Technology in Bio- and Medical Informatics
666,International Workshop of Groupware
667,European Conference on Artificial Evolution
668,International Workshop on Structural Computing
669,International Conference on Rough Sets and Intelligent Systems Paradigms
670,International Workshop on Camera-Based Document Analysis and Recognition
671,International Workshop on Deontic Logic and Artificial Normative Systems
672,International Conference on Simulation of Adaptive Behavior
673,Advanced Research Working Conference on Correct Hardware Design and Verification Methods
674,International Conference on Security and Privacy in Communication Systems
675,International Conference on Formal Methods for Open Object-Based Distributed Systems
676,International Colloquium on Theoretical Aspects of Computing
677,International Workshop on OpenMP Applications and Tools
678,IFIP International Conference on Artificial Intelligence Applications and Innovations
679,Panhellenic Conference on Informatics
680,International Conference on Principles of Distributed Systems
681,International Conference on Computational and Information Science
682,"International Conference on HCI in Business, Government and Organizations"
683,International Symposium on Generative and Component-Based Software Engineering
684,International Conference on Intelligent Science and Intelligent Data Engineering
685,Automotive Software Workshop
686,International Conference on Semantic and Digital Media Technologies
687,European Workshop on Probabilistic Graphical Models
688,"Workshop on Ontology, Conceptualization and Epistemology for Information Systems, Software Engineering and service Science"
689,Nordic Conference on Secure IT Systems
690,European Performance Engineering Workshop
691,International Conference on Discrete Geometry for Computer Imagery
692,International Conference on Image and Video Retrieval
693,Hellenic Conference on Artificial Intelligence
694,Scandinavian Conference on Image Analysis
695,Conference on the Theory of Information Retrieval
696,International Workshop on Algorithms in Bioinformatics
697,International Conference on Software Technologies
698,International Conference on Computer Vision Systems
699,"International Conference on Verification, Model Checking, and Abstract Interpretation"
700,"International Conference on Swarm, Evolutionary, and Memetic Computing"
701,International Conference on Web Information Systems and Technologies
702,IFIP Working Conference on The Practice of Enterprise Modeling
703,International Conference on Cryptology and Network Security
704,International Symposium on Trends in Functional Programming
705,International Workshop on Analysis and Modeling of Faces and Gestures
706,International Conference on AI and OR Techniques in Constraint Programming for Combinatorial Optimization Problems
707,International Symposium on Foundations of Health Informatics Engineering and Systems
708,International Symposium on Biomedical Simulation
709,"International Conference on Collaborative Computing: Networking, Applications and Worksharing"
710,Western European Workshop on Research in Cryptology
711,International Conference on Cryptology in Africa
712,International Conference on Information Systems Security
713,International Conference on Decision and Game Theory for Security
714,International Symposium on Intelligent Data Analysis
715,International Workshop on Multiple Access Communications
716,World Summit on Knowledge Society
717,International Workshop on Distributed Computing
718,Brazilian Symposium on Formal Methods
719,International Workshop on Web Intelligence Meets Brain Informatics
720,International Symposium on Medical Data Analysis
721,European Conference on Information Literacy
722,International Workshop on Membrane Computing
723,International Conference on Network and System Security
724,International Conference on Information Processing in Medical Imaging
725,International Workshop on Algorithms and Models for the Web-Graph
726,International Workshop on Biologically Inspired Approaches to Advanced Information Technology
727,International Workshop on Approximation and Online Algorithms
728,International Conference on the Quality of Software Architectures
729,International Conference on Typed Lambda Calculi and Applications
730,International Conference on Theory and Practice of Model Transformations
731,International Conference on Exploring Services Science
732,Symposium on Implementation and Application of Functional Languages
733,International Conference on Geometric Modeling and Processing
734,Discourse Anaphora and Anaphor Resolution Colloquium
735,European Workshop on Wireless Sensor Networks
736,International Workshop on Algorithms and Computation
737,International Conference on Mobile and Contextual Learning
738,International Workshop on Practical Aspects of Declarative Languages
739,International Conference on Trusted Systems
740,International Conference on Trust and Privacy in Digital Business
741,Brazilian Symposium on Programming Languages
742,IFIP International Workshop on Software Technolgies for Embedded and Ubiquitous Systems
743,International Conference on Security in Communication Networks
744,International Conference on Computer Vision / Computer Graphics Collaboration Techniques and Applications
745,International Workshop on Reachability Problems
746,International Conference on User Centric Media
747,International Symposium on Functional and Logic Programming
748,International Conference on Numerical Methods and Applications
749,International Workshop on Combinatorial Algorithms
750,European Workshop on Security in Ad-hoc and Sensor Networks
751,International Workshop on Graph-Based Representations in Pattern Recognition
752,Pacific-Rim Symposium on Image and Video Technology
753,International Workshop on Statistical Atlases and Computational Models of the Heart
754,International Conference on Social Informatics
755,International Conference on Big Data Technologies and Applications
756,Mexican Conference on Pattern Recognition
757,International Conference on Algorithmic DecisionTheory
758,International Conference on Articulated Motion and Deformable Objects
759,International Conference on E-Voting and Identity
760,International Workshop on Hybrid Metaheuristics
761,Workshop on Augmented Environments for Computer-Assisted Interventions
762,International Conference on Pattern Recognition and Image Analysis
763,International Supercomputing Conference
764,International Workshop on Mobile Information Technology for Emergency Response
765,International Conference on Network Security and Applications
766,International Conference on Applications and Techniques in Information Security
767,International Colloquium on Structural Information and Communication Complexity
768,International MICCAI Workshop on Computational Challenges and Clinical Opportunities in Virtual Colonoscopy and Abdominal Imaging
769,International Conference on Information Theoretic Security
770,International Conference on Intelligent Computing for Sustainable Energy and Environment
771,Chinese Conference on Biometric Recognition
772,International Workshop on Web and Wireless Geographical Information Systems
773,International Conference on Image and Signal Processing
774,Brazilian Symposium on Bioinformatics
775,International Workshop on Learning Classifier Systems
776,International Conference on Quantitative Evaluation of Systems
777,International Conference on Enterprise Information Systems
778,International Workshop on Declarative Agent Languages and Technologies
779,"International Conference on Security, Privacy, and Applied Cryptography Engineering"
780,International Conference on Theory and Practice of Natural Computing
781,International Workshop on Similarity-Based Pattern Recognition
782,International Conference on Relational and Algebraic Methods in Computer Science
783,International Conference on Geographic Information Science
784,International Workshop on Agents and Data Mining Interaction
785,International Conference on Context-Aware Systems and Applications
786,International Conference on Applied Algorithms
787,International Workshop on Knowledge Discovery in Inductive Databases
788,International Symposium on Foundations of Information and Knowledge Systems
789,International Conference on Health Information Science
790,International Conference on Haptic and Audio Interaction Design
791,International Conference on Artificial Immune Systems
792,International Symposium on Mathematical Morphology and Its Applications to Signal and Image Processing
793,International Conference on Industrial Applications of Holonic and Multi-Agent Systems
794,Cyber Security and Privacy Forum
795,International Conference on Trust and Trustworthy Computing
796,"Workshop on Knowledge Representation for Health-Care Data, Processes and Guidelines"
797,International Workshop on Principles of Document Processing
798,Workshop on Job Scheduling Strategies for Parallel Processing
799,International Workshop on Software Engineering for Large-Scale Multi-agent Systems
800,International Conference on Design Science Research in Information Systems
801,International Conference on Software Language Engineering
802,International Workshop on Computational Forensics
803,Pacific Rim Knowledge Acquisition Workshop
804,International Symposium on Foundations and Practice of Security
805,International Workshop on Business Process Modeling Notation
806,International Conference on Software Quality
807,International Workshop on Information Security
808,International Conference on Fundamental Approaches to Software Engineering
809,European Conference on Service-Oriented and Cloud Computing?
810,International Workshop on Constructive Side-Channel Analysis and Secure Design
811,International Conference on Curves and Surfaces
812,International Colloquium on Grammatical Inference
813,International Workshop on Formal Aspects in Security and Trust
814,International Workshop on Argumentation in Multi-Agent Systems
815,International Workshop on Descriptional Complexity of Formal Systems
816,International Conference on Ubiquitous Computing and Multimedia Applications
817,International Conference on Security in Computer Networks and Distributed Systems
818,Asia-Pacific Conference on Business Process Management
819,International Conference on Formal Aspects of Component Software
820,IFIP Annual Conference on Data and Applications Security and Privacy
821,International Conference on Network Control and Optimization
822,International Conference on Information Processing in Cells and Tissues
823,IAPR Workshop on Artificial Neural Networks in Pattern Recognition
824,International Conference on Topic Map Research and Applications
825,"International Conference on the Economics of Grids, Clouds, Systems, and Services"
826,"International Conference on Forensics in Telecommunications, Information, and Multimedia"
827,International Conference on Statistical Language and Speech Processing
828,International Conference on Combinatorial Optimization and Applications
829,IFIP International Workshop on Information Security Theory and Practices
830,International Workshop on Engineering Self-Organising Applications
831,International Workshop on Reversible Computation
832,International Conference on Critical Infrastructure Protection
833,"International Symposium on Brain, Vision, and Artificial Intelligence"
834,International Workshop on Web Services and Formal Methods
835,International Conference on Tests and Proofs
836,International Conference on Mobile Ad-Hoc and Sensor Networks
837,"European Summer School in Logic, Language and Information"
838,International Workshop on Machine Learning in Medical Imaging
839,International Workshop on Algorithm Engineering
840,International Workshop on Radio Frequency Identification: Security and Privacy Issues
841,Advances in Computer Games
842,International Conference on Formal Methods in Macro-Biology
843,China Conference on Wireless Sensor Networks
844,International Conference on Mobile Data Management
845,International Conference on Evaluation of Novel Approaches to Software Engineering
846,International Workshop on Computational Logic and Multi-Agent Systems
847,European Workshop on Biometrics and Identity Management
848,"International Tbilisi Symposium on Logic, Language, and Computation"
849,International Workshop on Scientific Engineering of Distributed Java Applications
850,International Conference on Principles of Security and Trust
851,International Workshop on Programming Multi-Agent Systems
852,"IFIP International Conference on Autonomous Infrastructure, Management and Security"
853,International Doctoral Workshop on Mathematical and Engineering Methods in Computer Science
854,International Conference on Spatial Cognition
855,International Multi Topic Conference
856,International Symposium Computational Modeling of Objects Represented in Images
857,International Conference on Electronic Commerce
858,International Workshop on IP Operations and Management
859,IMA International Conference on Mathematics of Surfaces
860,International Conference on Human Haptic Sensing and Touch Enabled Computer Applications
861,International Conference on Advances in Computing and Communications
862,International Conference on Digital Business
863,"Workshop on Quantum Computation, Communication, and Cryptography"
864,International Digital Cities Workshop
865,Asian Conference on Machine Learning
866,International Conference on Cryptology and Information Security in Latin America
867,International Conference on Advanced Machine Learning Technologies and Applications
868,International Workshop on Global Sourcing of Information Technology and Business Processes
869,International Conference on Cooperative Information Systems
870,International Conference on Autonomous and Intelligent Systems
871,International Workshop on Algebraic Frames for the Perception-Action Cycle
872,International Workshop on Machine Learning for Multimodal Interaction
873,International Conference on Algorithms for Computational Biology
874,International Workshop on Human Behavior Understanding
875,International Workshop on Semantics in Data and Knowledge Bases
876,International Workshop on Computational Autonomy
877,International Conference on Brain Inspired Cognitive Systems
878,International Conference on E-Technologies
879,International Conference on Software Engineering and Formal Methods
880,International Conference on GeoSpatial Sematics
881,International Workshop on Computational Color Imaging
882,International Workshop on Resource Discovery
883,International Conference on Mathematics and Computation in Music
884,International Conference on Information and Software Technologies
885,IEEE International Workshop on Modelling Autonomic Communications Environments
886,International Workshop on Biometric Authentication
887,International Conference on Knowledge Management in Organizations
888,International Workshop on Prostate Cancer Imaging
889,International Conference on Mathematical Methods for Curves and Surfaces
890,Summer School on Modeling and Verification of Parallel Processes
891,International Workshop on Task Models and Diagrams for User Interface Design
892,International Workshop on Model-Based Methodologies for Pervasive and Embedded Software
893,Workshop on E-Business
894,Information and Communication Technology - EurAsia Conference
895,International Workshop on the Arithmetic of Finite Fields
896,International Conference on Communications Infrastructure. Systems and Applications in Europe
897,International Workshop on Software Product-Family Engineering
898,International Workshop on Spatio-temporal Image Analysis for Longitudinal and Time-Series Image Data
899,International Conference on Game Theory for Networks
900,International Workshop on Controlled Natural Language
901,International Conference on Certified Programs and Proofs
902,International Symposium on Formal Methods for Components and Objects
903,International Workshop on Activity Monitoring by Multiple Distributed Sensing
904,Technology Conference on Performance Evaluation and Benchmarking
905,"International GI/ITG Conference on Measurement, Modelling, and Evaluation of Computing Systems and Dependability and Fault Tolerance"
906,International Conference on Mobile Web and Information Systems
907,International Conference on Advanced Encryption Standard
908,International Conference on Metalevel Architectures and Reflection
909,International Visual Informatics Conference
910,International Conference on Computational Logistics
911,IFIP International Workshop on Artificial Intelligence for Knowledge Management
912,MICCAI International Workshop on Medical Content-Based Retrieval for Clinical Decision Support
913,International Symposium on Computational Life Science
914,International Conference on Wireless Mobile Communication and Healthcare
915,IFIP International Conference on Computer Information Systems and Industrial Management
916,International Conference on Information Processing in Computer-Assisted Interventions
917,International Conference on Formal Grammar
918,Latin American High Performance Computing Conference
919,International Conference on Swarm Intelligence Based Optimization
920,International Conference on Learning and Collaboration Technologies
921,IFIP Central and East European Conference on Software Engineering Techniques
922,Compulog Net/ERCIM Workshop on Constraints
923,International Workshop on Environments for Multi-Agent Systems
924,Italian Workshop on Artificial Life and Evolutionary Computation
925,Workshop on Mesh Processing in Medical Image Analysis
926,International Workshop on Functional and Constraint Logic Programming
927,International Workshop on Theorie and Applications of Formal Argumentation
928,International Conference on Mobile Lightweight Wireless Systems
929,International Workshop on Future Multimedia Networking
930,International Workshop on Cellular Automata and Discrete Complex Systems
931,International Workshop on Automated Deduction in Geometry
932,"International Conference on Augmented Reality, Virtual Reality and Computer Graphics"
933,International Conference on Similarity Search and Applications
934,IFIP World Conference on Information Security Education
935,International Conference on Human-Centred Software Engineering
936,"International Conference on Data Management in Cloud, Grid and P2P Systems"
937,Asian Internet Engineering Conference
938,Workshop on Human-Computer Interaction and Visualization
939,International Conference on Fundamentals of Software Engineering
940,International Conference on Machine Learning and Cybernetics
941,European Workshop on Reinforcement Learning
942,"International Workshop on Databases, Information Systems, and Peer-to-Peer Computing"
943,International Workshop on Model Checking and Artificial Intelligence
944,International Workshop on Engineering Stochastic Local Search Algorithms
945,International Conference on Algebraic Biology
946,International Conference on IT Revolutions
947,International Conference on Human-Robot Personal Relationship
948,Conference of the Spanish Association for Artificial Intelligence
949,International Conference on Applications of Declarative Programming and Knowledge Management
950,International Workshop on Object Representation in Computer Vision
951,Indian Conference on Logic and Its Applications
952,Italian Workshop on Neural Nets
953,International Working Conference on Component Deployment
954,International Workshop on Video Analytics for Audience Measurement in Retail and Digital Signage
955,International Conference on Well-Being in the Information Society
956,International Symposium on Unifying Theories of Programming
957,International Workshop on Active Conceputal Modeling of Learning
958,International Workshop on Principles and Practice of Semantic Web Reasoning
959,International Workshop on Computer Vision Approaches to Medical Image Analysis
960,International Conference on Advances in Information Technology
961,International Workshop on Autonomous Intelligent Systems: Multi-Agents and Data Mining
962,JSAI International Symposium on Artificial Intelligence
963,International Workshop on Software Engineering and Middleware
964,International Conference on Knowledge Engineering and the Semantic Web
965,International Conference on Cloud Computing
966,International Symposium on Pervasive Computing Paradigms for Mental Health
967,International Conference on Green Communications and Networking
968,International Embedded Systems Symposium
969,Information Retrieval Facility Conference
970,International Workshop on Approximation Algorithms for Combinatorial Optimization
971,Workshop on Anticipatory Behavior in Adaptive Learning Systems
972,Scandinavian Conference on Information Systems
973,International Conference on Ambient Media and Systems
974,European Conference on Multi-Agent Systems
975,"International Workshop on Construction and Analysis of Safe, Secure, and Interoperable Smart Devices"
976,International Workshop on Engineering Multi-Agent Systems
977,IAPR International Workshop on Partially Supervised Learning
978,International Conference on Neural Networks and Artificial Intelligence
979,International Conference on Internet and Distributed Computing Systems
980,International Workshop on Semantic Web Services and Web Process Composition
981,International Conference on Electronic Participation
982,LOMAPS workshop on Analysis and Verification of Multiple-Agent Languages
983,International Workshop on Self-Stabilizing Systems
984,"International Evaluation Workshop on Classification of Events, Activities and Relationships"
985,International Workshop on Power-Aware Computer Systems
986,
987,International Workshop on Adaptive Resource Management and Scheduling for Cloud Computing
988,International Workshop on Multimodal Brain Image Analysis
989,IFIP International Conference on Theoretical Computer Science
990,International SDL Forum
991,International Workshop on Rewriting Logic and its Applications
992,International Conference Human Society@Internet
993,International Conference on Collaboration Technologies
994,European Business Intelligence Summer School
995,International Conference on ICT Innovations
996,International Symposium on Theoretical Aspects of Computer Software
997,International Conference on Energy-Efficient Computing and Networking
998,International Conference on Cryptology in Malaysia
999,Workshop on Algorithm Engineering and Experimentation
1000,International Conference on Games and Learning Alliance
1001,"International Workshop on Human-Computer Interaction, Tourism and Cultural Heritage"
1002,International Workshop on Trends in Enterprise Architecture Research
1003,International Workshop on Attention and Performance in Computational Vision
1004,Australian Conference on Artificial Life
1005,"International Joint Conference on Knowledge Discovery, Knowledge Engineering, and Knowledge Management"
1006,International Workshop on Semantic Web and Databases
1007,International Workshop on Multi-disciplinary Trends in Artificial Intelligence
1008,International Smalltalk Conference
1009,International Workshop on Software Engineering for Resilient Systems
1010,"International Workshop on Web Services, E-Business, and the Semantic Web"
1011,International Workshop on Enterprise Applications and Services in the Finance Industry
1012,International Workshop on Symbiotic Interaction
1013,Workshop on Reflection and Software Engineering
1014,International Workshop on Foundational and Practical Aspects of Resource Analysis
1015,"International Workshop on Languages, Compilers, and Run-Time Systems for Scalable Computers"
1016,Enterprise Engineering Working Conference
1017,Reasoning Web International Summer School
1018,Central European Functional Programming School
1019,"International Conference on Sensor Applications, Experimentation and Logistics"
1020,Simulation of Urban MObility User Conference
1021,International Conference on Open Philosophies for Associative Autopoietic Digital Ecosystem
1022,Workshop on Autonomic Communication
1023,International Conference on Applications of Databases
1024,International Workshop on Smart Grid Security
1025,International Workshop on Robot Vision
1026,"International Workshop on Performance Modeling, Benchmarking and Simulation of High Performance Computer Systems"
1027,International Symposium on Data-Driven Process Discovery and Analysis
1028,Future Internet Symposium
1029,The Future Internet Assembly
1030,International Conference on Quantum Comunication and Quantum Networking
1031,International Workshop on Adaptive and Learning Agents
1032,International Workshop on Rules in Database Systems
1033,IFIP Working Conference on Industrial Applications of Semantic Web
1034,International Workshop on Computer Vision for Biomedical Image Applications
1035,International Workshop on Intelligent Agents for Telecommunication Applications
1036,International Workshop on Meta-Programming in Logic
1037,International Workshop on Database Machines
1038,Workshop on Data Management in Grids
1039,Australian Workshop on Distributed Artificial Intelligence
1040,"FTRA International Conference on Secure and Trust Computing, Data Management, and Application"
1041,International Workshop on Software Measurement
1042,International Symposium on Software Configuration Management
1043,International conference on GeoSensor Networks
1044,International Workshop on Massively Multiagent Systems
1045,International School on Foundations of Security Analysis and Design
1046,International Symposium on Artificial Intelligence and Signal Processing
1047,International Workshop on Global Optimization and Constraint Satisfaction
1048,"International Workshop on Communication, Architecture, and Applications for Network-Based Parallel Computing"
1049,International Summer Workshop on Multimodal Interfaces
1050,International Conference on Information and Communication on Technology
1051,"International Workshop on Semantics, Applications, and Implementation of Program Generation"
1052,"International Conference on Information and Communication Technologies in Education, Research, and Industrial Applications"
1053,International Conference on Cryptography and Security Systems
1054,International Workshop on Approaches and Applications of Inductive Programming
1055,"International Conference on Analysis of Images, Social Networks and Texts_x000D_"
1056,International Workshop on Mobile Social Signal Processing
1057,International Conference on Facets of Virtual Environments
1058,International Conference on Internet of Vehicles
1059,International Conference on Cooperative Multimodal Communication
1060,European Design Science Symposium
1061,International Workshop on Computer-Assisted and Robotic Endoscopy
1062,International Workshop on Formal Techniques for Safety-Critical Systems
1063,International Workshop on Constraint Solving and Constraint Logic Programming
1064,International Workshop on Swarm Robotics
1065,International Conference on Research in Security Standardisation
1066,International Conference on Cloud Computing and Services Science
1067,Australasian Database Conference
1068,International Conference on Serious Games
1069,"International Conference on Mass Data Analysis of Images and Signals in Medicine, Biotechnology, and Chemistry"
1070,International Workshop on Eternal Systems
1071,Japanese Conference on Discrete and Computational Geometry and Graphs
1072,International Symposium on Business Modeling and Software Design
1073,Workshop on Computer Games
1074,International Workshop on Structured Object-Oriented Formal Language and Method
1075,International Workshop on Learning Technology for Education in Cloud
1076,International Workshop on the World Wide Web and Databases
1077,School organized by the European Educational Forum
1078,International Workshop on Types in Compilation
1079,Workshop on OpenSHMEM and Related Technologies
1080,International Conference on Coding and Cryptology
1081,International Workshop on Ubiquitous Mobile Information and Collaboration Systems
1082,"International Conference on Multicore Software Engineering, Performance, and Tools"
1083,International Workshop on Constraint Solving and Language Processing
1084,International Conference on Computer-Aided Architectural Design Futures
1085,International Symposium on Object Technologies for Advanced Software
1086,International Workshop on Data Analytics for Renewable Energy Integration
1087,International Meeting on Algebraic and Algorithmic Aspects of Differential and Integral Operators
1088,"International Conference on E-Learning, E-Education, and Online Training"
1089,VLDB Workshop on Data Mining and Bioinformatics
1090,IAPR Workshop on Multimodal Pattern Recognition of Social Signals in Human-Computer Interaction
1091,Australian Symposium on Service Research and Innovation
1092,International Conference on Autonomic Computing and Communications Systems
1093,International Workshop on Biometric Authentication
1094,International Workshop on Coalgebraic Methods in Computer Science
1095,"International Workshop on Cooperation and Interoperability, Architecture and Ontology"
1096,International Workshop on Energy Efficient Data Centers
1097,International Workshop on Security in Emerging Wireless Communication and Networking Systems
1098,International Workshop on Lightweight Cryptography for Security and Privacy
1099,International AAMAS Workshop on Cognitive Agents for Virtual Environments
1100,"International Workshop on Coordination, Organizations, Institutions, and Norms in Agent Systems"
1101,International Workshop on Organized Adaption in Multi-Agent Systems
1102,International Conference on Physiological Computing Systems
1103,IFIP International Conference on Computer Science and its Applications_x000D_
1104,Future Access Enablers of Ubiquitous and Intelligent Infrastructures
1105,International Conference on Bioinformatics and Biomedical Engineering
1106,International Conference on Human Centered Computing
1107,International Conference on Image and Graphics
1108,Australian Computer-Human Interaction Conference
1109,International Conference on Networked Geometric Science of Information
1110,Conference on Algorithms and Discrete Applied Mathematics
1111,Joint International Conference on Serious Games
1112,International Conference on Cognitive Radio Oriented Wireless Networks
1113,"International Symposium on Dependable Software Engineering: Theories, Tools, and Applications"
1114,"International Conference on Intelligent Software Methodologies, Tools, and Techniques"
1115,International Conference on High Performance Computing
1116,International Symposium on Statistical Learning and Data Sciences
1117,International Conference on Computational Social Networks
1118,International Conference on Networked Systems
1119,International Conference on Cryptography and Information Security in the Balkans
1120,International Congress on Sports Science Research and Technology Support
1121,International Conference on Future Network Systems and Security
1122,International Conference on Internet Science
1123,International Conference on Nature of Computation and Communication
1124,International Conference on Human Aspects of IT for the Aged Population
1125,International Conference on Intelligent Cloud Computing
1126,International Conference on Group Decision and Negotiation
1127,International Conference on Operations Research and Enterprise Systems
1128,Summer School on Accountability and Security in the Cloud
1129,International Conference on Innovative Techniques and Applications of Artificial Intelligence
1130,International Conference on Finite Difference Methods
1131,International Workshop on Process-Aware Systems
1132,Brazilian Conference on Robotics
1133,International Workshop on Multimodal Analyses Enabling Artificial Agents in Human-Machine Interaction
1134,European Summit on Immersive Education
1135,International Workshop Formal Ontologies Meet Industries
1136,International Conference on Exascale Applications and Software
1137,International Conference on Decision Support System Technology
1138,Chinese National Conference on Social Media Processing
1139,Workshop on Big Data Benchmarks
1140,International Conference on Risks and Security of Internet and Systems
1141,International Conference on Big Data Computing and Communications
1142,"International Conference on Codes, Cryptology, and Information Security"
1143,Internet Conference of China
1144,"International Conference on Mobile, Secure, and Programmable Networking"
1145,Annual Conference of the Global Innovation and Knowledge Academy
1146,Artificial Life and Intelligent Agents Symposium
1147,International Conference on Passwords
